date_key,order_date,month_name,day_name,year,month,week,week_day,day
1,2024-01-01,January,Monday,2024,1,1,2,1
2,2024-01-02,January,Tuesday,2024,1,1,3,2
3,2024-01-03,January,Wednesday,2024,1,1,4,3
4,2024-01-04,January,Thursday,2024,1,1,5,4
5,2024-01-05,January,Friday,2024,1,1,6,5
6,2024-01-06,January,Saturday,2024,1,1,7,6
7,2024-01-07,January,Sunday,2024,1,2,1,7
8,2024-01-08,January,Monday,2024,1,2,2,8
9,2024-01-09,January,Tuesday,2024,1,2,3,9
10,2024-01-10,January,Wednesday,2024,1,2,4,10
11,2024-01-11,January,Thursday,2024,1,2,5,11
12,2024-01-12,January,Friday,2024,1,2,6,12
13,2024-01-13,January,Saturday,2024,1,2,7,13
14,2024-01-14,January,Sunday,2024,1,3,1,14
15,2024-01-15,January,Monday,2024,1,3,2,15
16,2024-01-16,January,Tuesday,2024,1,3,3,16
17,2024-01-17,January,Wednesday,2024,1,3,4,17
18,2024-01-18,January,Thursday,2024,1,3,5,18
19,2024-01-19,January,Friday,2024,1,3,6,19
20,2024-01-20,January,Saturday,2024,1,3,7,20
21,2024-01-21,January,Sunday,2024,1,4,1,21
22,2024-01-22,January,Monday,2024,1,4,2,22
23,2024-01-23,January,Tuesday,2024,1,4,3,23
24,2024-01-24,January,Wednesday,2024,1,4,4,24
25,2024-01-25,January,Thursday,2024,1,4,5,25
26,2024-01-26,January,Friday,2024,1,4,6,26
27,2024-01-27,January,Saturday,2024,1,4,7,27
28,2024-01-28,January,Sunday,2024,1,5,1,28
29,2024-01-29,January,Monday,2024,1,5,2,29
30,2024-01-30,January,Tuesday,2024,1,5,3,30
31,2024-01-31,January,Wednesday,2024,1,5,4,31
32,2024-02-01,February,Thursday,2024,2,5,5,1
33,2024-02-02,February,Friday,2024,2,5,6,2
34,2024-02-03,February,Saturday,2024,2,5,7,3
35,2024-02-04,February,Sunday,2024,2,6,1,4
36,2024-02-05,February,Monday,2024,2,6,2,5
37,2024-02-06,February,Tuesday,2024,2,6,3,6
38,2024-02-07,February,Wednesday,2024,2,6,4,7
39,2024-02-08,February,Thursday,2024,2,6,5,8
40,2024-02-09,February,Friday,2024,2,6,6,9
41,2024-02-10,February,Saturday,2024,2,6,7,10
42,2024-02-11,February,Sunday,2024,2,7,1,11
43,2024-02-12,February,Monday,2024,2,7,2,12
44,2024-02-13,February,Tuesday,2024,2,7,3,13
45,2024-02-14,February,Wednesday,2024,2,7,4,14
46,2024-02-15,February,Thursday,2024,2,7,5,15
47,2024-02-16,February,Friday,2024,2,7,6,16
48,2024-02-17,February,Saturday,2024,2,7,7,17
49,2024-02-18,February,Sunday,2024,2,8,1,18
50,2024-02-19,February,Monday,2024,2,8,2,19
51,2024-02-20,February,Tuesday,2024,2,8,3,20
52,2024-02-21,February,Wednesday,2024,2,8,4,21
53,2024-02-22,February,Thursday,2024,2,8,5,22
54,2024-02-23,February,Friday,2024,2,8,6,23
55,2024-02-24,February,Saturday,2024,2,8,7,24
56,2024-02-25,February,Sunday,2024,2,9,1,25
57,2024-02-26,February,Monday,2024,2,9,2,26
58,2024-02-27,February,Tuesday,2024,2,9,3,27
59,2024-02-28,February,Wednesday,2024,2,9,4,28
60,2024-02-29,February,Thursday,2024,2,9,5,29
61,2024-03-01,March,Friday,2024,3,9,6,1
62,2024-03-02,March,Saturday,2024,3,9,7,2
63,2024-03-03,March,Sunday,2024,3,10,1,3
64,2024-03-04,March,Monday,2024,3,10,2,4
65,2024-03-05,March,Tuesday,2024,3,10,3,5
66,2024-03-06,March,Wednesday,2024,3,10,4,6
67,2024-03-07,March,Thursday,2024,3,10,5,7
68,2024-03-08,March,Friday,2024,3,10,6,8
69,2024-03-09,March,Saturday,2024,3,10,7,9
70,2024-03-10,March,Sunday,2024,3,11,1,10
71,2024-03-11,March,Monday,2024,3,11,2,11
72,2024-03-12,March,Tuesday,2024,3,11,3,12
73,2024-03-13,March,Wednesday,2024,3,11,4,13
74,2024-03-14,March,Thursday,2024,3,11,5,14
75,2024-03-15,March,Friday,2024,3,11,6,15
76,2024-03-16,March,Saturday,2024,3,11,7,16
77,2024-03-17,March,Sunday,2024,3,12,1,17
78,2024-03-18,March,Monday,2024,3,12,2,18
79,2024-03-19,March,Tuesday,2024,3,12,3,19
80,2024-03-20,March,Wednesday,2024,3,12,4,20
81,2024-03-21,March,Thursday,2024,3,12,5,21
82,2024-03-22,March,Friday,2024,3,12,6,22
83,2024-03-23,March,Saturday,2024,3,12,7,23
84,2024-03-24,March,Sunday,2024,3,13,1,24
85,2024-03-25,March,Monday,2024,3,13,2,25
86,2024-03-26,March,Tuesday,2024,3,13,3,26
87,2024-03-27,March,Wednesday,2024,3,13,4,27
88,2024-03-28,March,Thursday,2024,3,13,5,28
89,2024-03-29,March,Friday,2024,3,13,6,29
90,2024-03-30,March,Saturday,2024,3,13,7,30
91,2024-03-31,March,Sunday,2024,3,14,1,31
92,2024-04-01,April,Monday,2024,4,14,2,1
93,2024-04-02,April,Tuesday,2024,4,14,3,2
94,2024-04-03,April,Wednesday,2024,4,14,4,3
95,2024-04-04,April,Thursday,2024,4,14,5,4
96,2024-04-05,April,Friday,2024,4,14,6,5
97,2024-04-06,April,Saturday,2024,4,14,7,6
98,2024-04-07,April,Sunday,2024,4,15,1,7
99,2024-04-08,April,Monday,2024,4,15,2,8
100,2024-04-09,April,Tuesday,2024,4,15,3,9
101,2024-04-10,April,Wednesday,2024,4,15,4,10
102,2024-04-11,April,Thursday,2024,4,15,5,11
103,2024-04-12,April,Friday,2024,4,15,6,12
104,2024-04-13,April,Saturday,2024,4,15,7,13
105,2024-04-14,April,Sunday,2024,4,16,1,14
106,2024-04-15,April,Monday,2024,4,16,2,15
107,2024-04-16,April,Tuesday,2024,4,16,3,16
108,2024-04-17,April,Wednesday,2024,4,16,4,17
109,2024-04-18,April,Thursday,2024,4,16,5,18
110,2024-04-19,April,Friday,2024,4,16,6,19
111,2024-04-20,April,Saturday,2024,4,16,7,20
112,2024-04-21,April,Sunday,2024,4,17,1,21
113,2024-04-22,April,Monday,2024,4,17,2,22
114,2024-04-23,April,Tuesday,2024,4,17,3,23
115,2024-04-24,April,Wednesday,2024,4,17,4,24
116,2024-04-25,April,Thursday,2024,4,17,5,25
117,2024-04-26,April,Friday,2024,4,17,6,26
118,2024-04-27,April,Saturday,2024,4,17,7,27
119,2024-04-28,April,Sunday,2024,4,18,1,28
120,2024-04-29,April,Monday,2024,4,18,2,29
121,2024-04-30,April,Tuesday,2024,4,18,3,30
122,2024-05-01,May,Wednesday,2024,5,18,4,1
123,2024-05-02,May,Thursday,2024,5,18,5,2
124,2024-05-03,May,Friday,2024,5,18,6,3
125,2024-05-04,May,Saturday,2024,5,18,7,4
126,2024-05-05,May,Sunday,2024,5,19,1,5
127,2024-05-06,May,Monday,2024,5,19,2,6
128,2024-05-07,May,Tuesday,2024,5,19,3,7
129,2024-05-08,May,Wednesday,2024,5,19,4,8
130,2024-05-09,May,Thursday,2024,5,19,5,9
131,2024-05-10,May,Friday,2024,5,19,6,10
132,2024-05-11,May,Saturday,2024,5,19,7,11
133,2024-05-12,May,Sunday,2024,5,20,1,12
134,2024-05-13,May,Monday,2024,5,20,2,13
135,2024-05-14,May,Tuesday,2024,5,20,3,14
136,2024-05-15,May,Wednesday,2024,5,20,4,15
137,2024-05-16,May,Thursday,2024,5,20,5,16
138,2024-05-17,May,Friday,2024,5,20,6,17
139,2024-05-18,May,Saturday,2024,5,20,7,18
140,2024-05-19,May,Sunday,2024,5,21,1,19
141,2024-05-20,May,Monday,2024,5,21,2,20
142,2024-05-21,May,Tuesday,2024,5,21,3,21
143,2024-05-22,May,Wednesday,2024,5,21,4,22
144,2024-05-23,May,Thursday,2024,5,21,5,23
145,2024-05-24,May,Friday,2024,5,21,6,24
146,2024-05-25,May,Saturday,2024,5,21,7,25
147,2024-05-26,May,Sunday,2024,5,22,1,26
148,2024-05-27,May,Monday,2024,5,22,2,27
149,2024-05-28,May,Tuesday,2024,5,22,3,28
150,2024-05-29,May,Wednesday,2024,5,22,4,29
151,2024-05-30,May,Thursday,2024,5,22,5,30
152,2024-05-31,May,Friday,2024,5,22,6,31
153,2024-06-01,June,Saturday,2024,6,22,7,1
154,2024-06-02,June,Sunday,2024,6,23,1,2
155,2024-06-03,June,Monday,2024,6,23,2,3
156,2024-06-04,June,Tuesday,2024,6,23,3,4
157,2024-06-05,June,Wednesday,2024,6,23,4,5
158,2024-06-06,June,Thursday,2024,6,23,5,6
159,2024-06-07,June,Friday,2024,6,23,6,7
160,2024-06-08,June,Saturday,2024,6,23,7,8
161,2024-06-09,June,Sunday,2024,6,24,1,9
162,2024-06-10,June,Monday,2024,6,24,2,10
163,2024-06-11,June,Tuesday,2024,6,24,3,11
164,2024-06-12,June,Wednesday,2024,6,24,4,12
165,2024-06-13,June,Thursday,2024,6,24,5,13
166,2024-06-14,June,Friday,2024,6,24,6,14
167,2024-06-15,June,Saturday,2024,6,24,7,15
168,2024-06-16,June,Sunday,2024,6,25,1,16
169,2024-06-17,June,Monday,2024,6,25,2,17
170,2024-06-18,June,Tuesday,2024,6,25,3,18
171,2024-06-19,June,Wednesday,2024,6,25,4,19
172,2024-06-20,June,Thursday,2024,6,25,5,20
173,2024-06-21,June,Friday,2024,6,25,6,21
174,2024-06-22,June,Saturday,2024,6,25,7,22
175,2024-06-23,June,Sunday,2024,6,26,1,23
176,2024-06-24,June,Monday,2024,6,26,2,24
177,2024-06-25,June,Tuesday,2024,6,26,3,25
178,2024-06-26,June,Wednesday,2024,6,26,4,26
179,2024-06-27,June,Thursday,2024,6,26,5,27
180,2024-06-28,June,Friday,2024,6,26,6,28
181,2024-06-29,June,Saturday,2024,6,26,7,29
182,2024-06-30,June,Sunday,2024,6,27,1,30
183,2024-07-01,July,Monday,2024,7,27,2,1
184,2024-07-02,July,Tuesday,2024,7,27,3,2
185,2024-07-03,July,Wednesday,2024,7,27,4,3
186,2024-07-04,July,Thursday,2024,7,27,5,4
187,2024-07-05,July,Friday,2024,7,27,6,5
188,2024-07-06,July,Saturday,2024,7,27,7,6
189,2024-07-07,July,Sunday,2024,7,28,1,7
190,2024-07-08,July,Monday,2024,7,28,2,8
191,2024-07-09,July,Tuesday,2024,7,28,3,9
192,2024-07-10,July,Wednesday,2024,7,28,4,10
193,2024-07-11,July,Thursday,2024,7,28,5,11
194,2024-07-12,July,Friday,2024,7,28,6,12
195,2024-07-13,July,Saturday,2024,7,28,7,13
196,2024-07-14,July,Sunday,2024,7,29,1,14
197,2024-07-15,July,Monday,2024,7,29,2,15
198,2024-07-16,July,Tuesday,2024,7,29,3,16
199,2024-07-17,July,Wednesday,2024,7,29,4,17
200,2024-07-18,July,Thursday,2024,7,29,5,18
201,2024-07-19,July,Friday,2024,7,29,6,19
202,2024-07-20,July,Saturday,2024,7,29,7,20
203,2024-07-21,July,Sunday,2024,7,30,1,21
204,2024-07-22,July,Monday,2024,7,30,2,22
205,2024-07-23,July,Tuesday,2024,7,30,3,23
206,2024-07-24,July,Wednesday,2024,7,30,4,24
207,2024-07-25,July,Thursday,2024,7,30,5,25
208,2024-07-26,July,Friday,2024,7,30,6,26
209,2024-07-27,July,Saturday,2024,7,30,7,27
210,2024-07-28,July,Sunday,2024,7,31,1,28
211,2024-07-29,July,Monday,2024,7,31,2,29
212,2024-07-30,July,Tuesday,2024,7,31,3,30
213,2024-07-31,July,Wednesday,2024,7,31,4,31
214,2024-08-01,August,Thursday,2024,8,31,5,1
215,2024-08-02,August,Friday,2024,8,31,6,2
216,2024-08-03,August,Saturday,2024,8,31,7,3
217,2024-08-04,August,Sunday,2024,8,32,1,4
218,2024-08-05,August,Monday,2024,8,32,2,5
219,2024-08-06,August,Tuesday,2024,8,32,3,6
220,2024-08-07,August,Wednesday,2024,8,32,4,7
221,2024-08-08,August,Thursday,2024,8,32,5,8
222,2024-08-09,August,Friday,2024,8,32,6,9
223,2024-08-10,August,Saturday,2024,8,32,7,10
224,2024-08-11,August,Sunday,2024,8,33,1,11
225,2024-08-12,August,Monday,2024,8,33,2,12
226,2024-08-13,August,Tuesday,2024,8,33,3,13
227,2024-08-14,August,Wednesday,2024,8,33,4,14
228,2024-08-15,August,Thursday,2024,8,33,5,15
229,2024-08-16,August,Friday,2024,8,33,6,16
230,2024-08-17,August,Saturday,2024,8,33,7,17
231,2024-08-18,August,Sunday,2024,8,34,1,18
232,2024-08-19,August,Monday,2024,8,34,2,19
233,2024-08-20,August,Tuesday,2024,8,34,3,20
234,2024-08-21,August,Wednesday,2024,8,34,4,21
235,2024-08-22,August,Thursday,2024,8,34,5,22
236,2024-08-23,August,Friday,2024,8,34,6,23
237,2024-08-24,August,Saturday,2024,8,34,7,24
238,2024-08-25,August,Sunday,2024,8,35,1,25
239,2024-08-26,August,Monday,2024,8,35,2,26
240,2024-08-27,August,Tuesday,2024,8,35,3,27
241,2024-08-28,August,Wednesday,2024,8,35,4,28
242,2024-08-29,August,Thursday,2024,8,35,5,29
243,2024-08-30,August,Friday,2024,8,35,6,30
244,2024-08-31,August,Saturday,2024,8,35,7,31
245,2024-09-01,September,Sunday,2024,9,36,1,1
246,2024-09-02,September,Monday,2024,9,36,2,2
247,2024-09-03,September,Tuesday,2024,9,36,3,3
248,2024-09-04,September,Wednesday,2024,9,36,4,4
249,2024-09-05,September,Thursday,2024,9,36,5,5
250,2024-09-06,September,Friday,2024,9,36,6,6
251,2024-09-07,September,Saturday,2024,9,36,7,7
252,2024-09-08,September,Sunday,2024,9,37,1,8
253,2024-09-09,September,Monday,2024,9,37,2,9
254,2024-09-10,September,Tuesday,2024,9,37,3,10
255,2024-09-11,September,Wednesday,2024,9,37,4,11
256,2024-09-12,September,Thursday,2024,9,37,5,12
257,2024-09-13,September,Friday,2024,9,37,6,13
258,2024-09-14,September,Saturday,2024,9,37,7,14
259,2024-09-15,September,Sunday,2024,9,38,1,15
260,2024-09-16,September,Monday,2024,9,38,2,16
261,2024-09-17,September,Tuesday,2024,9,38,3,17
262,2024-09-18,September,Wednesday,2024,9,38,4,18
263,2024-09-19,September,Thursday,2024,9,38,5,19
264,2024-09-20,September,Friday,2024,9,38,6,20
265,2024-09-21,September,Saturday,2024,9,38,7,21
266,2024-09-22,September,Sunday,2024,9,39,1,22
267,2024-09-23,September,Monday,2024,9,39,2,23
268,2024-09-24,September,Tuesday,2024,9,39,3,24
269,2024-09-25,September,Wednesday,2024,9,39,4,25
270,2024-09-26,September,Thursday,2024,9,39,5,26
271,2024-09-27,September,Friday,2024,9,39,6,27
272,2024-09-28,September,Saturday,2024,9,39,7,28
273,2024-09-29,September,Sunday,2024,9,40,1,29
274,2024-09-30,September,Monday,2024,9,40,2,30
275,2024-10-01,October,Tuesday,2024,10,40,3,1
276,2024-10-02,October,Wednesday,2024,10,40,4,2
277,2024-10-03,October,Thursday,2024,10,40,5,3
278,2024-10-04,October,Friday,2024,10,40,6,4
279,2024-10-05,October,Saturday,2024,10,40,7,5
280,2024-10-06,October,Sunday,2024,10,41,1,6
281,2024-10-07,October,Monday,2024,10,41,2,7
282,2024-10-08,October,Tuesday,2024,10,41,3,8
283,2024-10-09,October,Wednesday,2024,10,41,4,9
284,2024-10-10,October,Thursday,2024,10,41,5,10
285,2024-10-11,October,Friday,2024,10,41,6,11
286,2024-10-12,October,Saturday,2024,10,41,7,12
287,2024-10-13,October,Sunday,2024,10,42,1,13
288,2024-10-14,October,Monday,2024,10,42,2,14
289,2024-10-15,October,Tuesday,2024,10,42,3,15
290,2024-10-16,October,Wednesday,2024,10,42,4,16
291,2024-10-17,October,Thursday,2024,10,42,5,17
292,2024-10-18,October,Friday,2024,10,42,6,18
293,2024-10-19,October,Saturday,2024,10,42,7,19
294,2024-10-20,October,Sunday,2024,10,43,1,20
295,2024-10-21,October,Monday,2024,10,43,2,21
296,2024-10-22,October,Tuesday,2024,10,43,3,22
297,2024-10-23,October,Wednesday,2024,10,43,4,23
298,2024-10-24,October,Thursday,2024,10,43,5,24
299,2024-10-25,October,Friday,2024,10,43,6,25
300,2024-10-26,October,Saturday,2024,10,43,7,26
301,2024-10-27,October,Sunday,2024,10,44,1,27
302,2024-10-28,October,Monday,2024,10,44,2,28
303,2024-10-29,October,Tuesday,2024,10,44,3,29
304,2024-10-30,October,Wednesday,2024,10,44,4,30
305,2024-10-31,October,Thursday,2024,10,44,5,31
306,2024-11-01,November,Friday,2024,11,44,6,1
307,2024-11-02,November,Saturday,2024,11,44,7,2
308,2024-11-03,November,Sunday,2024,11,45,1,3
309,2024-11-04,November,Monday,2024,11,45,2,4
310,2024-11-05,November,Tuesday,2024,11,45,3,5
311,2024-11-06,November,Wednesday,2024,11,45,4,6
312,2024-11-07,November,Thursday,2024,11,45,5,7
313,2024-11-08,November,Friday,2024,11,45,6,8
314,2024-11-09,November,Saturday,2024,11,45,7,9
315,2024-11-10,November,Sunday,2024,11,46,1,10
316,2024-11-11,November,Monday,2024,11,46,2,11
317,2024-11-12,November,Tuesday,2024,11,46,3,12
318,2024-11-13,November,Wednesday,2024,11,46,4,13
319,2024-11-14,November,Thursday,2024,11,46,5,14
320,2024-11-15,November,Friday,2024,11,46,6,15
321,2024-11-16,November,Saturday,2024,11,46,7,16
322,2024-11-17,November,Sunday,2024,11,47,1,17
323,2024-11-18,November,Monday,2024,11,47,2,18
324,2024-11-19,November,Tuesday,2024,11,47,3,19
325,2024-11-20,November,Wednesday,2024,11,47,4,20
326,2024-11-21,November,Thursday,2024,11,47,5,21
327,2024-11-22,November,Friday,2024,11,47,6,22
328,2024-11-23,November,Saturday,2024,11,47,7,23
329,2024-11-24,November,Sunday,2024,11,48,1,24
330,2024-11-25,November,Monday,2024,11,48,2,25
331,2024-11-26,November,Tuesday,2024,11,48,3,26
332,2024-11-27,November,Wednesday,2024,11,48,4,27
333,2024-11-28,November,Thursday,2024,11,48,5,28
334,2024-11-29,November,Friday,2024,11,48,6,29
335,2024-11-30,November,Saturday,2024,11,48,7,30
336,2024-12-01,December,Sunday,2024,12,49,1,1
337,2024-12-02,December,Monday,2024,12,49,2,2
338,2024-12-03,December,Tuesday,2024,12,49,3,3
339,2024-12-04,December,Wednesday,2024,12,49,4,4
340,2024-12-05,December,Thursday,2024,12,49,5,5
341,2024-12-06,December,Friday,2024,12,49,6,6
342,2024-12-07,December,Saturday,2024,12,49,7,7
343,2024-12-08,December,Sunday,2024,12,50,1,8
344,2024-12-09,December,Monday,2024,12,50,2,9
345,2024-12-10,December,Tuesday,2024,12,50,3,10
346,2024-12-11,December,Wednesday,2024,12,50,4,11
347,2024-12-12,December,Thursday,2024,12,50,5,12
348,2024-12-13,December,Friday,2024,12,50,6,13
349,2024-12-14,December,Saturday,2024,12,50,7,14
350,2024-12-15,December,Sunday,2024,12,51,1,15
351,2024-12-16,December,Monday,2024,12,51,2,16
352,2024-12-17,December,Tuesday,2024,12,51,3,17
353,2024-12-18,December,Wednesday,2024,12,51,4,18
354,2024-12-19,December,Thursday,2024,12,51,5,19
355,2024-12-20,December,Friday,2024,12,51,6,20
356,2024-12-21,December,Saturday,2024,12,51,7,21
357,2024-12-22,December,Sunday,2024,12,52,1,22
358,2024-12-23,December,Monday,2024,12,52,2,23
359,2024-12-24,December,Tuesday,2024,12,52,3,24
360,2024-12-25,December,Wednesday,2024,12,52,4,25
361,2024-12-26,December,Thursday,2024,12,52,5,26
362,2024-12-27,December,Friday,2024,12,52,6,27
363,2024-12-28,December,Saturday,2024,12,52,7,28
364,2024-12-29,December,Sunday,2024,12,53,1,29
365,2024-12-30,December,Monday,2024,12,53,2,30
366,2024-12-31,December,Tuesday,2024,12,53,3,31
367,2025-01-01,January,Wednesday,2025,1,1,4,1
368,2025-01-02,January,Thursday,2025,1,1,5,2
369,2025-01-03,January,Friday,2025,1,1,6,3
370,2025-01-04,January,Saturday,2025,1,1,7,4
371,2025-01-05,January,Sunday,2025,1,2,1,5
372,2025-01-06,January,Monday,2025,1,2,2,6
373,2025-01-07,January,Tuesday,2025,1,2,3,7
374,2025-01-08,January,Wednesday,2025,1,2,4,8
375,2025-01-09,January,Thursday,2025,1,2,5,9
376,2025-01-10,January,Friday,2025,1,2,6,10
377,2025-01-11,January,Saturday,2025,1,2,7,11
378,2025-01-12,January,Sunday,2025,1,3,1,12
379,2025-01-13,January,Monday,2025,1,3,2,13
380,2025-01-14,January,Tuesday,2025,1,3,3,14
381,2025-01-15,January,Wednesday,2025,1,3,4,15
382,2025-01-16,January,Thursday,2025,1,3,5,16
383,2025-01-17,January,Friday,2025,1,3,6,17
384,2025-01-18,January,Saturday,2025,1,3,7,18
385,2025-01-19,January,Sunday,2025,1,4,1,19
386,2025-01-20,January,Monday,2025,1,4,2,20
387,2025-01-21,January,Tuesday,2025,1,4,3,21
388,2025-01-22,January,Wednesday,2025,1,4,4,22
389,2025-01-23,January,Thursday,2025,1,4,5,23
390,2025-01-24,January,Friday,2025,1,4,6,24
391,2025-01-25,January,Saturday,2025,1,4,7,25
392,2025-01-26,January,Sunday,2025,1,5,1,26
393,2025-01-27,January,Monday,2025,1,5,2,27
394,2025-01-28,January,Tuesday,2025,1,5,3,28
395,2025-01-29,January,Wednesday,2025,1,5,4,29
396,2025-01-30,January,Thursday,2025,1,5,5,30
397,2025-01-31,January,Friday,2025,1,5,6,31
398,2025-02-01,February,Saturday,2025,2,5,7,1
399,2025-02-02,February,Sunday,2025,2,6,1,2
400,2025-02-03,February,Monday,2025,2,6,2,3
401,2025-02-04,February,Tuesday,2025,2,6,3,4
402,2025-02-05,February,Wednesday,2025,2,6,4,5
403,2025-02-06,February,Thursday,2025,2,6,5,6
404,2025-02-07,February,Friday,2025,2,6,6,7
405,2025-02-08,February,Saturday,2025,2,6,7,8
406,2025-02-09,February,Sunday,2025,2,7,1,9
407,2025-02-10,February,Monday,2025,2,7,2,10
408,2025-02-11,February,Tuesday,2025,2,7,3,11
409,2025-02-12,February,Wednesday,2025,2,7,4,12
410,2025-02-13,February,Thursday,2025,2,7,5,13
411,2025-02-14,February,Friday,2025,2,7,6,14
412,2025-02-15,February,Saturday,2025,2,7,7,15
413,2025-02-16,February,Sunday,2025,2,8,1,16
414,2025-02-17,February,Monday,2025,2,8,2,17
415,2025-02-18,February,Tuesday,2025,2,8,3,18
416,2025-02-19,February,Wednesday,2025,2,8,4,19
417,2025-02-20,February,Thursday,2025,2,8,5,20
418,2025-02-21,February,Friday,2025,2,8,6,21
419,2025-02-22,February,Saturday,2025,2,8,7,22
420,2025-02-23,February,Sunday,2025,2,9,1,23
421,2025-02-24,February,Monday,2025,2,9,2,24
422,2025-02-25,February,Tuesday,2025,2,9,3,25
423,2025-02-26,February,Wednesday,2025,2,9,4,26
424,2025-02-27,February,Thursday,2025,2,9,5,27
425,2025-02-28,February,Friday,2025,2,9,6,28
426,2025-03-01,March,Saturday,2025,3,9,7,1
427,2025-03-02,March,Sunday,2025,3,10,1,2
428,2025-03-03,March,Monday,2025,3,10,2,3
429,2025-03-04,March,Tuesday,2025,3,10,3,4
430,2025-03-05,March,Wednesday,2025,3,10,4,5
431,2025-03-06,March,Thursday,2025,3,10,5,6
432,2025-03-07,March,Friday,2025,3,10,6,7
433,2025-03-08,March,Saturday,2025,3,10,7,8
434,2025-03-09,March,Sunday,2025,3,11,1,9
435,2025-03-10,March,Monday,2025,3,11,2,10
436,2025-03-11,March,Tuesday,2025,3,11,3,11
437,2025-03-12,March,Wednesday,2025,3,11,4,12
438,2025-03-13,March,Thursday,2025,3,11,5,13
439,2025-03-14,March,Friday,2025,3,11,6,14
440,2025-03-15,March,Saturday,2025,3,11,7,15
441,2025-03-16,March,Sunday,2025,3,12,1,16
442,2025-03-17,March,Monday,2025,3,12,2,17
443,2025-03-18,March,Tuesday,2025,3,12,3,18
444,2025-03-19,March,Wednesday,2025,3,12,4,19
445,2025-03-20,March,Thursday,2025,3,12,5,20
446,2025-03-21,March,Friday,2025,3,12,6,21
447,2025-03-22,March,Saturday,2025,3,12,7,22
448,2025-03-23,March,Sunday,2025,3,13,1,23
449,2025-03-24,March,Monday,2025,3,13,2,24
450,2025-03-25,March,Tuesday,2025,3,13,3,25
451,2025-03-26,March,Wednesday,2025,3,13,4,26
452,2025-03-27,March,Thursday,2025,3,13,5,27
453,2025-03-28,March,Friday,2025,3,13,6,28
454,2025-03-29,March,Saturday,2025,3,13,7,29
455,2025-03-30,March,Sunday,2025,3,14,1,30
456,2025-03-31,March,Monday,2025,3,14,2,31
457,2025-04-01,April,Tuesday,2025,4,14,3,1
458,2025-04-02,April,Wednesday,2025,4,14,4,2
459,2025-04-03,April,Thursday,2025,4,14,5,3
460,2025-04-04,April,Friday,2025,4,14,6,4
461,2025-04-05,April,Saturday,2025,4,14,7,5
462,2025-04-06,April,Sunday,2025,4,15,1,6
463,2025-04-07,April,Monday,2025,4,15,2,7
464,2025-04-08,April,Tuesday,2025,4,15,3,8
465,2025-04-09,April,Wednesday,2025,4,15,4,9
466,2025-04-10,April,Thursday,2025,4,15,5,10
467,2025-04-11,April,Friday,2025,4,15,6,11
468,2025-04-12,April,Saturday,2025,4,15,7,12
469,2025-04-13,April,Sunday,2025,4,16,1,13
470,2025-04-14,April,Monday,2025,4,16,2,14
471,2025-04-15,April,Tuesday,2025,4,16,3,15
472,2025-04-16,April,Wednesday,2025,4,16,4,16
473,2025-04-17,April,Thursday,2025,4,16,5,17
474,2025-04-18,April,Friday,2025,4,16,6,18
475,2025-04-19,April,Saturday,2025,4,16,7,19
476,2025-04-20,April,Sunday,2025,4,17,1,20
477,2025-04-21,April,Monday,2025,4,17,2,21
478,2025-04-22,April,Tuesday,2025,4,17,3,22
479,2025-04-23,April,Wednesday,2025,4,17,4,23
480,2025-04-24,April,Thursday,2025,4,17,5,24
481,2025-04-25,April,Friday,2025,4,17,6,25
482,2025-04-26,April,Saturday,2025,4,17,7,26
483,2025-04-27,April,Sunday,2025,4,18,1,27
484,2025-04-28,April,Monday,2025,4,18,2,28
485,2025-04-29,April,Tuesday,2025,4,18,3,29
486,2025-04-30,April,Wednesday,2025,4,18,4,30
487,2025-05-01,May,Thursday,2025,5,18,5,1
488,2025-05-02,May,Friday,2025,5,18,6,2
489,2025-05-03,May,Saturday,2025,5,18,7,3
490,2025-05-04,May,Sunday,2025,5,19,1,4
491,2025-05-05,May,Monday,2025,5,19,2,5
492,2025-05-06,May,Tuesday,2025,5,19,3,6
493,2025-05-07,May,Wednesday,2025,5,19,4,7
494,2025-05-08,May,Thursday,2025,5,19,5,8
495,2025-05-09,May,Friday,2025,5,19,6,9
496,2025-05-10,May,Saturday,2025,5,19,7,10
497,2025-05-11,May,Sunday,2025,5,20,1,11
498,2025-05-12,May,Monday,2025,5,20,2,12
499,2025-05-13,May,Tuesday,2025,5,20,3,13
500,2025-05-14,May,Wednesday,2025,5,20,4,14
501,2025-05-15,May,Thursday,2025,5,20,5,15
502,2025-05-16,May,Friday,2025,5,20,6,16
503,2025-05-17,May,Saturday,2025,5,20,7,17
504,2025-05-18,May,Sunday,2025,5,21,1,18
505,2025-05-19,May,Monday,2025,5,21,2,19
506,2025-05-20,May,Tuesday,2025,5,21,3,20
507,2025-05-21,May,Wednesday,2025,5,21,4,21
508,2025-05-22,May,Thursday,2025,5,21,5,22
509,2025-05-23,May,Friday,2025,5,21,6,23
510,2025-05-24,May,Saturday,2025,5,21,7,24
511,2025-05-25,May,Sunday,2025,5,22,1,25
512,2025-05-26,May,Monday,2025,5,22,2,26
513,2025-05-27,May,Tuesday,2025,5,22,3,27
514,2025-05-28,May,Wednesday,2025,5,22,4,28
515,2025-05-29,May,Thursday,2025,5,22,5,29
516,2025-05-30,May,Friday,2025,5,22,6,30
517,2025-05-31,May,Saturday,2025,5,22,7,31
518,2025-06-01,June,Sunday,2025,6,23,1,1
519,2025-06-02,June,Monday,2025,6,23,2,2
520,2025-06-03,June,Tuesday,2025,6,23,3,3
521,2025-06-04,June,Wednesday,2025,6,23,4,4
522,2025-06-05,June,Thursday,2025,6,23,5,5
523,2025-06-06,June,Friday,2025,6,23,6,6
524,2025-06-07,June,Saturday,2025,6,23,7,7
525,2025-06-08,June,Sunday,2025,6,24,1,8
526,2025-06-09,June,Monday,2025,6,24,2,9
527,2025-06-10,June,Tuesday,2025,6,24,3,10
528,2025-06-11,June,Wednesday,2025,6,24,4,11
529,2025-06-12,June,Thursday,2025,6,24,5,12
530,2025-06-13,June,Friday,2025,6,24,6,13
531,2025-06-14,June,Saturday,2025,6,24,7,14
532,2025-06-15,June,Sunday,2025,6,25,1,15
533,2025-06-16,June,Monday,2025,6,25,2,16
534,2025-06-17,June,Tuesday,2025,6,25,3,17
535,2025-06-18,June,Wednesday,2025,6,25,4,18
536,2025-06-19,June,Thursday,2025,6,25,5,19
537,2025-06-20,June,Friday,2025,6,25,6,20
538,2025-06-21,June,Saturday,2025,6,25,7,21
539,2025-06-22,June,Sunday,2025,6,26,1,22
540,2025-06-23,June,Monday,2025,6,26,2,23
541,2025-06-24,June,Tuesday,2025,6,26,3,24
542,2025-06-25,June,Wednesday,2025,6,26,4,25
543,2025-06-26,June,Thursday,2025,6,26,5,26
544,2025-06-27,June,Friday,2025,6,26,6,27
545,2025-06-28,June,Saturday,2025,6,26,7,28
546,2025-06-29,June,Sunday,2025,6,27,1,29
547,2025-06-30,June,Monday,2025,6,27,2,30
548,2025-07-01,July,Tuesday,2025,7,27,3,1
549,2025-07-02,July,Wednesday,2025,7,27,4,2
550,2025-07-03,July,Thursday,2025,7,27,5,3
551,2025-07-04,July,Friday,2025,7,27,6,4
552,2025-07-05,July,Saturday,2025,7,27,7,5
553,2025-07-06,July,Sunday,2025,7,28,1,6
554,2025-07-07,July,Monday,2025,7,28,2,7
555,2025-07-08,July,Tuesday,2025,7,28,3,8
556,2025-07-09,July,Wednesday,2025,7,28,4,9
557,2025-07-10,July,Thursday,2025,7,28,5,10
558,2025-07-11,July,Friday,2025,7,28,6,11
559,2025-07-12,July,Saturday,2025,7,28,7,12
560,2025-07-13,July,Sunday,2025,7,29,1,13
561,2025-07-14,July,Monday,2025,7,29,2,14
562,2025-07-15,July,Tuesday,2025,7,29,3,15
563,2025-07-16,July,Wednesday,2025,7,29,4,16
564,2025-07-17,July,Thursday,2025,7,29,5,17
565,2025-07-18,July,Friday,2025,7,29,6,18
566,2025-07-19,July,Saturday,2025,7,29,7,19
567,2025-07-20,July,Sunday,2025,7,30,1,20
568,2025-07-21,July,Monday,2025,7,30,2,21
569,2025-07-22,July,Tuesday,2025,7,30,3,22
570,2025-07-23,July,Wednesday,2025,7,30,4,23
571,2025-07-24,July,Thursday,2025,7,30,5,24
572,2025-07-25,July,Friday,2025,7,30,6,25
573,2025-07-26,July,Saturday,2025,7,30,7,26
574,2025-07-27,July,Sunday,2025,7,31,1,27
575,2025-07-28,July,Monday,2025,7,31,2,28
576,2025-07-29,July,Tuesday,2025,7,31,3,29
577,2025-07-30,July,Wednesday,2025,7,31,4,30
578,2025-07-31,July,Thursday,2025,7,31,5,31
579,2025-08-01,August,Friday,2025,8,31,6,1
580,2025-08-02,August,Saturday,2025,8,31,7,2
581,2025-08-03,August,Sunday,2025,8,32,1,3
582,2025-08-04,August,Monday,2025,8,32,2,4
583,2025-08-05,August,Tuesday,2025,8,32,3,5
584,2025-08-06,August,Wednesday,2025,8,32,4,6
585,2025-08-07,August,Thursday,2025,8,32,5,7
586,2025-08-08,August,Friday,2025,8,32,6,8
587,2025-08-09,August,Saturday,2025,8,32,7,9
588,2025-08-10,August,Sunday,2025,8,33,1,10
589,2025-08-11,August,Monday,2025,8,33,2,11
590,2025-08-12,August,Tuesday,2025,8,33,3,12
591,2025-08-13,August,Wednesday,2025,8,33,4,13
592,2025-08-14,August,Thursday,2025,8,33,5,14
593,2025-08-15,August,Friday,2025,8,33,6,15
594,2025-08-16,August,Saturday,2025,8,33,7,16
595,2025-08-17,August,Sunday,2025,8,34,1,17
596,2025-08-18,August,Monday,2025,8,34,2,18
597,2025-08-19,August,Tuesday,2025,8,34,3,19
598,2025-08-20,August,Wednesday,2025,8,34,4,20
599,2025-08-21,August,Thursday,2025,8,34,5,21
600,2025-08-22,August,Friday,2025,8,34,6,22
601,2025-08-23,August,Saturday,2025,8,34,7,23
602,2025-08-24,August,Sunday,2025,8,35,1,24
603,2025-08-25,August,Monday,2025,8,35,2,25
604,2025-08-26,August,Tuesday,2025,8,35,3,26
605,2025-08-27,August,Wednesday,2025,8,35,4,27
606,2025-08-28,August,Thursday,2025,8,35,5,28
607,2025-08-29,August,Friday,2025,8,35,6,29
608,2025-08-30,August,Saturday,2025,8,35,7,30
609,2025-08-31,August,Sunday,2025,8,36,1,31
610,2025-09-01,September,Monday,2025,9,36,2,1
611,2025-09-02,September,Tuesday,2025,9,36,3,2
612,2025-09-03,September,Wednesday,2025,9,36,4,3
613,2025-09-04,September,Thursday,2025,9,36,5,4
614,2025-09-05,September,Friday,2025,9,36,6,5
615,2025-09-06,September,Saturday,2025,9,36,7,6
616,2025-09-07,September,Sunday,2025,9,37,1,7
617,2025-09-08,September,Monday,2025,9,37,2,8
618,2025-09-09,September,Tuesday,2025,9,37,3,9
619,2025-09-10,September,Wednesday,2025,9,37,4,10
620,2025-09-11,September,Thursday,2025,9,37,5,11
621,2025-09-12,September,Friday,2025,9,37,6,12
622,2025-09-13,September,Saturday,2025,9,37,7,13
623,2025-09-14,September,Sunday,2025,9,38,1,14
624,2025-09-15,September,Monday,2025,9,38,2,15
625,2025-09-16,September,Tuesday,2025,9,38,3,16
626,2025-09-17,September,Wednesday,2025,9,38,4,17
627,2025-09-18,September,Thursday,2025,9,38,5,18
628,2025-09-19,September,Friday,2025,9,38,6,19
629,2025-09-20,September,Saturday,2025,9,38,7,20
630,2025-09-21,September,Sunday,2025,9,39,1,21
631,2025-09-22,September,Monday,2025,9,39,2,22
632,2025-09-23,September,Tuesday,2025,9,39,3,23
633,2025-09-24,September,Wednesday,2025,9,39,4,24
634,2025-09-25,September,Thursday,2025,9,39,5,25
635,2025-09-26,September,Friday,2025,9,39,6,26
636,2025-09-27,September,Saturday,2025,9,39,7,27
637,2025-09-28,September,Sunday,2025,9,40,1,28
638,2025-09-29,September,Monday,2025,9,40,2,29
639,2025-09-30,September,Tuesday,2025,9,40,3,30
640,2025-10-01,October,Wednesday,2025,10,40,4,1
641,2025-10-02,October,Thursday,2025,10,40,5,2
642,2025-10-03,October,Friday,2025,10,40,6,3
643,2025-10-04,October,Saturday,2025,10,40,7,4
644,2025-10-05,October,Sunday,2025,10,41,1,5
645,2025-10-06,October,Monday,2025,10,41,2,6
646,2025-10-07,October,Tuesday,2025,10,41,3,7
647,2025-10-08,October,Wednesday,2025,10,41,4,8
648,2025-10-09,October,Thursday,2025,10,41,5,9
649,2025-10-10,October,Friday,2025,10,41,6,10
650,2025-10-11,October,Saturday,2025,10,41,7,11
651,2025-10-12,October,Sunday,2025,10,42,1,12
652,2025-10-13,October,Monday,2025,10,42,2,13
653,2025-10-14,October,Tuesday,2025,10,42,3,14
654,2025-10-15,October,Wednesday,2025,10,42,4,15
655,2025-10-16,October,Thursday,2025,10,42,5,16
656,2025-10-17,October,Friday,2025,10,42,6,17
657,2025-10-18,October,Saturday,2025,10,42,7,18
658,2025-10-19,October,Sunday,2025,10,43,1,19
659,2025-10-20,October,Monday,2025,10,43,2,20
660,2025-10-21,October,Tuesday,2025,10,43,3,21
661,2025-10-22,October,Wednesday,2025,10,43,4,22
662,2025-10-23,October,Thursday,2025,10,43,5,23
663,2025-10-24,October,Friday,2025,10,43,6,24
664,2025-10-25,October,Saturday,2025,10,43,7,25
665,2025-10-26,October,Sunday,2025,10,44,1,26
666,2025-10-27,October,Monday,2025,10,44,2,27
667,2025-10-28,October,Tuesday,2025,10,44,3,28
668,2025-10-29,October,Wednesday,2025,10,44,4,29
669,2025-10-30,October,Thursday,2025,10,44,5,30
670,2025-10-31,October,Friday,2025,10,44,6,31
671,2025-11-01,November,Saturday,2025,11,44,7,1
672,2025-11-02,November,Sunday,2025,11,45,1,2
673,2025-11-03,November,Monday,2025,11,45,2,3
674,2025-11-04,November,Tuesday,2025,11,45,3,4
675,2025-11-05,November,Wednesday,2025,11,45,4,5
676,2025-11-06,November,Thursday,2025,11,45,5,6
677,2025-11-07,November,Friday,2025,11,45,6,7
678,2025-11-08,November,Saturday,2025,11,45,7,8
679,2025-11-09,November,Sunday,2025,11,46,1,9
680,2025-11-10,November,Monday,2025,11,46,2,10
681,2025-11-11,November,Tuesday,2025,11,46,3,11
682,2025-11-12,November,Wednesday,2025,11,46,4,12
683,2025-11-13,November,Thursday,2025,11,46,5,13
684,2025-11-14,November,Friday,2025,11,46,6,14
685,2025-11-15,November,Saturday,2025,11,46,7,15
686,2025-11-16,November,Sunday,2025,11,47,1,16
687,2025-11-17,November,Monday,2025,11,47,2,17
688,2025-11-18,November,Tuesday,2025,11,47,3,18
689,2025-11-19,November,Wednesday,2025,11,47,4,19
690,2025-11-20,November,Thursday,2025,11,47,5,20
691,2025-11-21,November,Friday,2025,11,47,6,21
692,2025-11-22,November,Saturday,2025,11,47,7,22
693,2025-11-23,November,Sunday,2025,11,48,1,23
694,2025-11-24,November,Monday,2025,11,48,2,24
695,2025-11-25,November,Tuesday,2025,11,48,3,25
696,2025-11-26,November,Wednesday,2025,11,48,4,26
697,2025-11-27,November,Thursday,2025,11,48,5,27
698,2025-11-28,November,Friday,2025,11,48,6,28
699,2025-11-29,November,Saturday,2025,11,48,7,29
700,2025-11-30,November,Sunday,2025,11,49,1,30
701,2025-12-01,December,Monday,2025,12,49,2,1
702,2025-12-02,December,Tuesday,2025,12,49,3,2
703,2025-12-03,December,Wednesday,2025,12,49,4,3
704,2025-12-04,December,Thursday,2025,12,49,5,4
705,2025-12-05,December,Friday,2025,12,49,6,5
706,2025-12-06,December,Saturday,2025,12,49,7,6
707,2025-12-07,December,Sunday,2025,12,50,1,7
708,2025-12-08,December,Monday,2025,12,50,2,8
709,2025-12-09,December,Tuesday,2025,12,50,3,9
710,2025-12-10,December,Wednesday,2025,12,50,4,10
711,2025-12-11,December,Thursday,2025,12,50,5,11
712,2025-12-12,December,Friday,2025,12,50,6,12
713,2025-12-13,December,Saturday,2025,12,50,7,13
714,2025-12-14,December,Sunday,2025,12,51,1,14
715,2025-12-15,December,Monday,2025,12,51,2,15
716,2025-12-16,December,Tuesday,2025,12,51,3,16
717,2025-12-17,December,Wednesday,2025,12,51,4,17
718,2025-12-18,December,Thursday,2025,12,51,5,18
719,2025-12-19,December,Friday,2025,12,51,6,19
720,2025-12-20,December,Saturday,2025,12,51,7,20
721,2025-12-21,December,Sunday,2025,12,52,1,21
722,2025-12-22,December,Monday,2025,12,52,2,22
723,2025-12-23,December,Tuesday,2025,12,52,3,23
724,2025-12-24,December,Wednesday,2025,12,52,4,24
725,2025-12-25,December,Thursday,2025,12,52,5,25
726,2025-12-26,December,Friday,2025,12,52,6,26
727,2025-12-27,December,Saturday,2025,12,52,7,27
728,2025-12-28,December,Sunday,2025,12,53,1,28
729,2025-12-29,December,Monday,2025,12,53,2,29
730,2025-12-30,December,Tuesday,2025,12,53,3,30
731,2025-12-31,December,Wednesday,2025,12,53,4,31
732,2026-01-01,January,Thursday,2026,1,1,5,1
733,2026-01-02,January,Friday,2026,1,1,6,2
734,2026-01-03,January,Saturday,2026,1,1,7,3
735,2026-01-04,January,Sunday,2026,1,2,1,4
736,2026-01-05,January,Monday,2026,1,2,2,5
737,2026-01-06,January,Tuesday,2026,1,2,3,6
738,2026-01-07,January,Wednesday,2026,1,2,4,7
739,2026-01-08,January,Thursday,2026,1,2,5,8
740,2026-01-09,January,Friday,2026,1,2,6,9
741,2026-01-10,January,Saturday,2026,1,2,7,10
742,2026-01-11,January,Sunday,2026,1,3,1,11
743,2026-01-12,January,Monday,2026,1,3,2,12
744,2026-01-13,January,Tuesday,2026,1,3,3,13
745,2026-01-14,January,Wednesday,2026,1,3,4,14
746,2026-01-15,January,Thursday,2026,1,3,5,15
747,2026-01-16,January,Friday,2026,1,3,6,16
748,2026-01-17,January,Saturday,2026,1,3,7,17
749,2026-01-18,January,Sunday,2026,1,4,1,18
750,2026-01-19,January,Monday,2026,1,4,2,19
751,2026-01-20,January,Tuesday,2026,1,4,3,20
752,2026-01-21,January,Wednesday,2026,1,4,4,21
753,2026-01-22,January,Thursday,2026,1,4,5,22
754,2026-01-23,January,Friday,2026,1,4,6,23
755,2026-01-24,January,Saturday,2026,1,4,7,24
756,2026-01-25,January,Sunday,2026,1,5,1,25
757,2026-01-26,January,Monday,2026,1,5,2,26
758,2026-01-27,January,Tuesday,2026,1,5,3,27
759,2026-01-28,January,Wednesday,2026,1,5,4,28
760,2026-01-29,January,Thursday,2026,1,5,5,29
761,2026-01-30,January,Friday,2026,1,5,6,30
762,2026-01-31,January,Saturday,2026,1,5,7,31
763,2026-02-01,February,Sunday,2026,2,6,1,1
764,2026-02-02,February,Monday,2026,2,6,2,2
765,2026-02-03,February,Tuesday,2026,2,6,3,3
766,2026-02-04,February,Wednesday,2026,2,6,4,4
767,2026-02-05,February,Thursday,2026,2,6,5,5
768,2026-02-06,February,Friday,2026,2,6,6,6
769,2026-02-07,February,Saturday,2026,2,6,7,7
770,2026-02-08,February,Sunday,2026,2,7,1,8
771,2026-02-09,February,Monday,2026,2,7,2,9
772,2026-02-10,February,Tuesday,2026,2,7,3,10
773,2026-02-11,February,Wednesday,2026,2,7,4,11
774,2026-02-12,February,Thursday,2026,2,7,5,12
775,2026-02-13,February,Friday,2026,2,7,6,13
776,2026-02-14,February,Saturday,2026,2,7,7,14
777,2026-02-15,February,Sunday,2026,2,8,1,15
778,2026-02-16,February,Monday,2026,2,8,2,16
779,2026-02-17,February,Tuesday,2026,2,8,3,17
780,2026-02-18,February,Wednesday,2026,2,8,4,18
781,2026-02-19,February,Thursday,2026,2,8,5,19
782,2026-02-20,February,Friday,2026,2,8,6,20
783,2026-02-21,February,Saturday,2026,2,8,7,21
784,2026-02-22,February,Sunday,2026,2,9,1,22
785,2026-02-23,February,Monday,2026,2,9,2,23
786,2026-02-24,February,Tuesday,2026,2,9,3,24
787,2026-02-25,February,Wednesday,2026,2,9,4,25
788,2026-02-26,February,Thursday,2026,2,9,5,26
789,2026-02-27,February,Friday,2026,2,9,6,27
790,2026-02-28,February,Saturday,2026,2,9,7,28
791,2026-03-01,March,Sunday,2026,3,10,1,1
792,2026-03-02,March,Monday,2026,3,10,2,2
793,2026-03-03,March,Tuesday,2026,3,10,3,3
794,2026-03-04,March,Wednesday,2026,3,10,4,4
795,2026-03-05,March,Thursday,2026,3,10,5,5
796,2026-03-06,March,Friday,2026,3,10,6,6
797,2026-03-07,March,Saturday,2026,3,10,7,7
798,2026-03-08,March,Sunday,2026,3,11,1,8
799,2026-03-09,March,Monday,2026,3,11,2,9
800,2026-03-10,March,Tuesday,2026,3,11,3,10
801,2026-03-11,March,Wednesday,2026,3,11,4,11
802,2026-03-12,March,Thursday,2026,3,11,5,12
803,2026-03-13,March,Friday,2026,3,11,6,13
804,2026-03-14,March,Saturday,2026,3,11,7,14
805,2026-03-15,March,Sunday,2026,3,12,1,15
806,2026-03-16,March,Monday,2026,3,12,2,16
807,2026-03-17,March,Tuesday,2026,3,12,3,17
808,2026-03-18,March,Wednesday,2026,3,12,4,18
809,2026-03-19,March,Thursday,2026,3,12,5,19
810,2026-03-20,March,Friday,2026,3,12,6,20
811,2026-03-21,March,Saturday,2026,3,12,7,21
812,2026-03-22,March,Sunday,2026,3,13,1,22
813,2026-03-23,March,Monday,2026,3,13,2,23
814,2026-03-24,March,Tuesday,2026,3,13,3,24
815,2026-03-25,March,Wednesday,2026,3,13,4,25
816,2026-03-26,March,Thursday,2026,3,13,5,26
817,2026-03-27,March,Friday,2026,3,13,6,27
818,2026-03-28,March,Saturday,2026,3,13,7,28
819,2026-03-29,March,Sunday,2026,3,14,1,29
820,2026-03-30,March,Monday,2026,3,14,2,30
821,2026-03-31,March,Tuesday,2026,3,14,3,31
822,2026-04-01,April,Wednesday,2026,4,14,4,1
823,2026-04-02,April,Thursday,2026,4,14,5,2
824,2026-04-03,April,Friday,2026,4,14,6,3
825,2026-04-04,April,Saturday,2026,4,14,7,4
826,2026-04-05,April,Sunday,2026,4,15,1,5
827,2026-04-06,April,Monday,2026,4,15,2,6
828,2026-04-07,April,Tuesday,2026,4,15,3,7
829,2026-04-08,April,Wednesday,2026,4,15,4,8
830,2026-04-09,April,Thursday,2026,4,15,5,9
831,2026-04-10,April,Friday,2026,4,15,6,10
832,2026-04-11,April,Saturday,2026,4,15,7,11
833,2026-04-12,April,Sunday,2026,4,16,1,12
834,2026-04-13,April,Monday,2026,4,16,2,13
835,2026-04-14,April,Tuesday,2026,4,16,3,14
836,2026-04-15,April,Wednesday,2026,4,16,4,15
837,2026-04-16,April,Thursday,2026,4,16,5,16
838,2026-04-17,April,Friday,2026,4,16,6,17
839,2026-04-18,April,Saturday,2026,4,16,7,18
840,2026-04-19,April,Sunday,2026,4,17,1,19
841,2026-04-20,April,Monday,2026,4,17,2,20
842,2026-04-21,April,Tuesday,2026,4,17,3,21
843,2026-04-22,April,Wednesday,2026,4,17,4,22
844,2026-04-23,April,Thursday,2026,4,17,5,23
845,2026-04-24,April,Friday,2026,4,17,6,24
846,2026-04-25,April,Saturday,2026,4,17,7,25
847,2026-04-26,April,Sunday,2026,4,18,1,26
848,2026-04-27,April,Monday,2026,4,18,2,27
849,2026-04-28,April,Tuesday,2026,4,18,3,28
850,2026-04-29,April,Wednesday,2026,4,18,4,29
851,2026-04-30,April,Thursday,2026,4,18,5,30
852,2026-05-01,May,Friday,2026,5,18,6,1
853,2026-05-02,May,Saturday,2026,5,18,7,2
854,2026-05-03,May,Sunday,2026,5,19,1,3
855,2026-05-04,May,Monday,2026,5,19,2,4
856,2026-05-05,May,Tuesday,2026,5,19,3,5
857,2026-05-06,May,Wednesday,2026,5,19,4,6
858,2026-05-07,May,Thursday,2026,5,19,5,7
859,2026-05-08,May,Friday,2026,5,19,6,8
860,2026-05-09,May,Saturday,2026,5,19,7,9
861,2026-05-10,May,Sunday,2026,5,20,1,10
862,2026-05-11,May,Monday,2026,5,20,2,11
863,2026-05-12,May,Tuesday,2026,5,20,3,12
864,2026-05-13,May,Wednesday,2026,5,20,4,13
865,2026-05-14,May,Thursday,2026,5,20,5,14
866,2026-05-15,May,Friday,2026,5,20,6,15
867,2026-05-16,May,Saturday,2026,5,20,7,16
868,2026-05-17,May,Sunday,2026,5,21,1,17
869,2026-05-18,May,Monday,2026,5,21,2,18
870,2026-05-19,May,Tuesday,2026,5,21,3,19
871,2026-05-20,May,Wednesday,2026,5,21,4,20
872,2026-05-21,May,Thursday,2026,5,21,5,21
873,2026-05-22,May,Friday,2026,5,21,6,22
874,2026-05-23,May,Saturday,2026,5,21,7,23
875,2026-05-24,May,Sunday,2026,5,22,1,24
876,2026-05-25,May,Monday,2026,5,22,2,25
877,2026-05-26,May,Tuesday,2026,5,22,3,26
878,2026-05-27,May,Wednesday,2026,5,22,4,27
879,2026-05-28,May,Thursday,2026,5,22,5,28
880,2026-05-29,May,Friday,2026,5,22,6,29
881,2026-05-30,May,Saturday,2026,5,22,7,30
882,2026-05-31,May,Sunday,2026,5,23,1,31
883,2026-06-01,June,Monday,2026,6,23,2,1
884,2026-06-02,June,Tuesday,2026,6,23,3,2
885,2026-06-03,June,Wednesday,2026,6,23,4,3
886,2026-06-04,June,Thursday,2026,6,23,5,4
887,2026-06-05,June,Friday,2026,6,23,6,5
888,2026-06-06,June,Saturday,2026,6,23,7,6
889,2026-06-07,June,Sunday,2026,6,24,1,7
890,2026-06-08,June,Monday,2026,6,24,2,8
891,2026-06-09,June,Tuesday,2026,6,24,3,9
892,2026-06-10,June,Wednesday,2026,6,24,4,10
893,2026-06-11,June,Thursday,2026,6,24,5,11
894,2026-06-12,June,Friday,2026,6,24,6,12
895,2026-06-13,June,Saturday,2026,6,24,7,13
896,2026-06-14,June,Sunday,2026,6,25,1,14
897,2026-06-15,June,Monday,2026,6,25,2,15
898,2026-06-16,June,Tuesday,2026,6,25,3,16
899,2026-06-17,June,Wednesday,2026,6,25,4,17
900,2026-06-18,June,Thursday,2026,6,25,5,18
901,2026-06-19,June,Friday,2026,6,25,6,19
902,2026-06-20,June,Saturday,2026,6,25,7,20
903,2026-06-21,June,Sunday,2026,6,26,1,21
904,2026-06-22,June,Monday,2026,6,26,2,22
905,2026-06-23,June,Tuesday,2026,6,26,3,23
906,2026-06-24,June,Wednesday,2026,6,26,4,24
907,2026-06-25,June,Thursday,2026,6,26,5,25
908,2026-06-26,June,Friday,2026,6,26,6,26
909,2026-06-27,June,Saturday,2026,6,26,7,27
910,2026-06-28,June,Sunday,2026,6,27,1,28
911,2026-06-29,June,Monday,2026,6,27,2,29
912,2026-06-30,June,Tuesday,2026,6,27,3,30
913,2026-07-01,July,Wednesday,2026,7,27,4,1
914,2026-07-02,July,Thursday,2026,7,27,5,2
915,2026-07-03,July,Friday,2026,7,27,6,3
916,2026-07-04,July,Saturday,2026,7,27,7,4
917,2026-07-05,July,Sunday,2026,7,28,1,5
918,2026-07-06,July,Monday,2026,7,28,2,6
919,2026-07-07,July,Tuesday,2026,7,28,3,7
920,2026-07-08,July,Wednesday,2026,7,28,4,8
921,2026-07-09,July,Thursday,2026,7,28,5,9
922,2026-07-10,July,Friday,2026,7,28,6,10
923,2026-07-11,July,Saturday,2026,7,28,7,11
924,2026-07-12,July,Sunday,2026,7,29,1,12
925,2026-07-13,July,Monday,2026,7,29,2,13
926,2026-07-14,July,Tuesday,2026,7,29,3,14
927,2026-07-15,July,Wednesday,2026,7,29,4,15
928,2026-07-16,July,Thursday,2026,7,29,5,16
929,2026-07-17,July,Friday,2026,7,29,6,17
930,2026-07-18,July,Saturday,2026,7,29,7,18
931,2026-07-19,July,Sunday,2026,7,30,1,19
932,2026-07-20,July,Monday,2026,7,30,2,20
933,2026-07-21,July,Tuesday,2026,7,30,3,21
934,2026-07-22,July,Wednesday,2026,7,30,4,22
935,2026-07-23,July,Thursday,2026,7,30,5,23
936,2026-07-24,July,Friday,2026,7,30,6,24
937,2026-07-25,July,Saturday,2026,7,30,7,25
938,2026-07-26,July,Sunday,2026,7,31,1,26
939,2026-07-27,July,Monday,2026,7,31,2,27
940,2026-07-28,July,Tuesday,2026,7,31,3,28
941,2026-07-29,July,Wednesday,2026,7,31,4,29
942,2026-07-30,July,Thursday,2026,7,31,5,30
943,2026-07-31,July,Friday,2026,7,31,6,31
944,2026-08-01,August,Saturday,2026,8,31,7,1
945,2026-08-02,August,Sunday,2026,8,32,1,2
946,2026-08-03,August,Monday,2026,8,32,2,3
947,2026-08-04,August,Tuesday,2026,8,32,3,4
948,2026-08-05,August,Wednesday,2026,8,32,4,5
949,2026-08-06,August,Thursday,2026,8,32,5,6
950,2026-08-07,August,Friday,2026,8,32,6,7
951,2026-08-08,August,Saturday,2026,8,32,7,8
952,2026-08-09,August,Sunday,2026,8,33,1,9
953,2026-08-10,August,Monday,2026,8,33,2,10
954,2026-08-11,August,Tuesday,2026,8,33,3,11
955,2026-08-12,August,Wednesday,2026,8,33,4,12
956,2026-08-13,August,Thursday,2026,8,33,5,13
957,2026-08-14,August,Friday,2026,8,33,6,14
958,2026-08-15,August,Saturday,2026,8,33,7,15
959,2026-08-16,August,Sunday,2026,8,34,1,16
960,2026-08-17,August,Monday,2026,8,34,2,17
961,2026-08-18,August,Tuesday,2026,8,34,3,18
962,2026-08-19,August,Wednesday,2026,8,34,4,19
963,2026-08-20,August,Thursday,2026,8,34,5,20
964,2026-08-21,August,Friday,2026,8,34,6,21
965,2026-08-22,August,Saturday,2026,8,34,7,22
966,2026-08-23,August,Sunday,2026,8,35,1,23
967,2026-08-24,August,Monday,2026,8,35,2,24
968,2026-08-25,August,Tuesday,2026,8,35,3,25
969,2026-08-26,August,Wednesday,2026,8,35,4,26
970,2026-08-27,August,Thursday,2026,8,35,5,27
971,2026-08-28,August,Friday,2026,8,35,6,28
972,2026-08-29,August,Saturday,2026,8,35,7,29
973,2026-08-30,August,Sunday,2026,8,36,1,30
