customer_id,usage_date,data_gb,call_minutes,sms_count,revenue
10192,2026-09-20,3.07,42,19,22.81
10038,2026-09-20,2.1,61,19,20.92
10020,2026-09-20,3.79,51,21,20.17
10224,2026-09-20,4.86,43,26,19.63
10138,2026-09-20,5.02,44,18,19.36
10211,2026-09-20,6.18,57,8,23.78
10222,2026-09-20,0.97,71,26,16.59
10247,2026-09-20,1.13,58,16,16.41
10061,2026-09-20,0.82,55,11,16.78
10246,2026-09-20,3.06,58,21,23.62
10173,2026-09-20,1.98,52,21,16.62
10100,2026-09-20,3.81,56,20,25.1
10236,2026-09-20,1.79,55,14,16.82
10209,2026-09-20,4.99,42,15,18.43
10107,2026-09-20,7.78,56,14,29.98
10220,2026-09-20,5.54,48,8,21.77
10198,2026-09-20,1.91,46,17,19.32
10210,2026-09-20,6.44,54,16,29.56
10156,2026-09-20,1.8,49,17,15.3
10242,2026-09-20,2.15,54,13,19.83
10221,2026-09-20,3.25,58,17,19.05
10143,2026-09-20,5.93,51,20,20.58
10114,2026-09-20,1.22,40,15,16.11
10188,2026-09-20,0.41,46,23,15.13
10233,2026-09-20,3.64,47,18,22.75
10183,2026-09-20,0.79,54,15,14.11
10250,2026-09-20,3.6,53,24,17.63
10163,2026-09-20,3.45,59,19,23.3
10009,2026-09-20,1.32,53,28,19.36
10123,2026-09-20,3.13,48,14,19.86
10045,2026-09-20,0.5,47,19,11.12
10178,2026-09-20,3.31,52,20,19.32
10058,2026-09-20,3.65,47,14,19.61
10091,2026-09-20,0.23,58,18,17.48
10231,2026-09-20,3.42,59,13,21.02
10110,2026-09-20,1.96,41,19,23.44
10191,2026-09-20,2.42,71,16,22.72
10060,2026-09-20,3.17,59,18,22.08
10111,2026-09-20,2.64,58,9,21.14
10141,2026-09-20,3.33,69,23,22.28
10195,2026-09-20,1.03,53,21,16.12
10086,2026-09-20,1.09,52,17,15.56
10170,2026-09-20,2.87,55,13,17.97
10076,2026-09-20,0.21,58,15,15.17
10082,2026-09-20,5.18,43,14,19.2
10232,2026-09-20,0.51,49,23,13.94
10219,2026-09-20,2.62,56,19,20.74
10157,2026-09-20,0.96,68,11,16.52
10140,2026-09-20,1.31,53,13,20.1
10167,2026-09-20,7.94,65,18,27.88
10019,2026-09-20,1.59,59,12,12.28
10166,2026-09-20,2.04,62,10,14.02
10066,2026-09-20,4.51,63,23,21.25
10196,2026-09-20,5.79,50,16,26.65
10113,2026-09-20,7.73,54,17,29.14
10005,2026-09-20,3.37,64,17,21.55
10070,2026-09-20,1.83,65,11,19.64
10103,2026-09-20,0.58,53,24,13.56
10201,2026-09-20,3.64,51,15,18.75
10083,2026-09-20,1.23,60,23,18.62
10171,2026-09-20,14.63,64,11,45.58
10080,2026-09-20,1.1,56,20,21.95
10030,2026-09-20,6.49,58,21,29.01
10031,2026-09-20,2.68,59,15,23.58
10059,2026-09-20,0.14,56,7,17.78
10165,2026-09-20,1.42,54,19,16.39
10117,2026-09-20,4.3,44,14,19.59
10241,2026-09-20,2.55,54,26,23.45
10040,2026-09-20,1.01,61,23,17.33
10115,2026-09-20,4.04,57,14,23.07
10047,2026-09-20,1.94,51,13,17.51
10135,2026-09-20,3.72,57,18,22.8
10116,2026-09-20,5.81,59,22,23.51
10131,2026-09-20,2.7,71,23,22.08
10208,2026-09-20,3.83,53,28,19.2
10087,2026-09-20,2.23,48,18,13.32
10049,2026-09-20,1.02,61,20,16.45
10124,2026-09-20,2.64,69,22,21.15
10002,2026-09-20,5.8,47,18,24.63
10248,2026-09-20,5.35,59,18,27.13
10017,2026-09-20,1.66,59,15,17.64
10172,2026-09-20,1.48,57,17,15.86
10064,2026-09-20,3.42,53,14,20.38
10041,2026-09-20,3.75,54,14,19.99
10084,2026-09-20,2.21,61,19,14.91
10249,2026-09-20,0.73,74,20,15.32
10085,2026-09-20,2.59,61,26,19.66
10130,2026-09-20,2.64,53,10,20.11
10055,2026-09-20,2.58,62,15,19.56
10225,2026-09-20,3.04,54,25,19.35
10150,2026-09-20,3.13,52,20,20.15
10074,2026-09-20,4.89,41,17,22.19
10006,2026-09-20,0.97,54,21,18.72
10088,2026-09-20,0.62,45,22,16.55
10095,2026-09-20,3.19,47,25,24.08
10065,2026-09-20,3.43,59,17,23.78
10137,2026-09-20,0.47,51,17,17.26
10207,2026-09-20,1.42,52,21,23.3
10075,2026-09-20,1.33,61,22,19.55
10126,2026-09-20,2.73,58,25,22.51
10073,2026-09-20,3.26,46,14,21.24
10042,2026-09-20,4.19,58,15,22.48
10021,2026-09-20,3.57,61,18,24.61
10155,2026-09-20,3.17,56,20,18.38
10112,2026-09-20,1.11,66,23,21.11
10053,2026-09-20,2.97,53,13,24.72
10134,2026-09-20,1.43,52,24,22.79
10129,2026-09-20,7.78,63,11,32.58
10194,2026-09-20,1.01,65,20,16.32
10094,2026-09-20,1.22,53,17,20.51
10104,2026-09-20,5.04,63,22,24.85
10069,2026-09-20,4.44,66,21,24.96
10159,2026-09-20,2.67,71,19,17.05
10179,2026-09-20,1.15,45,20,16.11
10097,2026-09-20,3.57,60,18,21.6
10122,2026-09-20,7.51,50,17,30.53
10067,2026-09-20,5.81,51,17,21.04
10033,2026-09-20,1.72,57,16,20.24
10153,2026-09-20,1.92,53,20,21.19
10169,2026-09-20,7.61,46,29,30.67
10015,2026-09-20,4.5,53,13,25.47
10052,2026-09-20,3.27,48,15,15.84
10218,2026-09-20,2.19,56,12,18.25
10068,2026-09-20,1.87,62,25,20.19
10121,2026-09-20,0.85,39,18,13.17
10162,2026-09-20,5.69,68,18,21.49
10062,2026-09-20,3.34,51,21,21.09
10148,2026-09-20,2.25,51,15,22.17
10027,2026-09-20,3.1,57,17,23.53
10048,2026-09-20,2.29,63,17,23.75
10164,2026-09-20,1.0,64,18,15.53
10158,2026-09-20,0.42,59,17,17.82
10077,2026-09-20,1.22,47,17,15.43
10197,2026-09-20,1.32,63,14,16.03
10228,2026-09-20,3.67,52,11,21.46
10239,2026-09-20,7.09,41,16,26.33
10024,2026-09-20,3.56,46,14,23.28
10145,2026-09-20,2.37,56,15,21.68
10176,2026-09-20,3.18,57,27,21.36
10147,2026-09-20,2.05,58,15,17.24
10202,2026-09-20,3.43,60,13,24.75
10105,2026-09-20,1.11,52,19,17.82
10229,2026-09-20,3.21,56,19,19.68
10203,2026-09-20,2.34,70,17,19.31
10014,2026-09-20,1.88,58,21,16.51
10206,2026-09-20,2.75,55,14,20.43
10037,2026-09-20,0.38,51,18,15.88
10008,2026-09-20,8.6,52,15,30.11
10181,2026-09-20,1.5,51,25,21.16
10243,2026-09-20,4.81,63,20,19.46
10089,2026-09-20,2.0,47,15,17.06
10204,2026-09-20,1.59,62,24,22.23
10213,2026-09-20,2.05,46,21,18.13
10120,2026-09-20,2.78,51,20,23.13
10056,2026-09-20,2.01,65,17,17.95
10044,2026-09-20,2.35,53,26,20.52
10118,2026-09-20,3.32,53,28,24.09
10187,2026-09-20,4.26,55,14,19.96
10034,2026-09-20,6.18,69,18,25.82
10101,2026-09-20,3.18,60,17,24.97
10217,2026-09-20,2.3,40,22,16.0
10200,2026-09-20,1.52,53,13,14.96
10240,2026-09-20,1.13,49,14,17.43
10216,2026-09-20,2.31,38,19,18.92
10102,2026-09-20,4.4,55,15,25.53
10215,2026-09-20,2.85,55,17,18.48
10234,2026-09-20,1.47,55,16,21.03
10057,2026-09-20,0.52,44,16,17.94
10186,2026-09-20,3.18,52,18,20.65
10007,2026-09-20,1.05,56,14,20.13
10025,2026-09-20,0.85,48,13,17.16
10245,2026-09-20,2.11,62,10,19.92
10230,2026-09-20,3.31,51,17,19.91
10016,2026-09-20,0.48,45,18,20.78
10043,2026-09-20,2.96,49,15,23.42
10139,2026-09-20,5.11,57,22,22.15
10106,2026-09-20,2.81,55,23,15.47
10078,2026-09-20,5.37,64,23,24.23
10168,2026-09-20,8.21,56,18,29.64
10035,2026-09-20,0.18,51,19,13.5
10180,2026-09-20,2.5,63,21,23.14
10238,2026-09-20,2.61,54,14,20.62
10010,2026-09-20,3.12,60,14,18.84
10012,2026-09-20,0.56,67,18,18.3
10127,2026-09-20,2.52,64,13,19.88
10132,2026-09-20,1.04,62,22,15.02
10184,2026-09-20,1.65,47,15,17.28
10023,2026-09-20,3.09,45,17,20.55
10036,2026-09-20,11.15,55,17,39.15
10054,2026-09-20,2.04,41,22,19.66
10152,2026-09-20,1.59,47,20,17.89
10205,2026-09-20,2.21,56,19,17.59
10090,2026-09-20,2.43,63,14,14.24
10032,2026-09-20,1.6,53,17,18.5
10096,2026-09-20,0.98,58,21,17.69
10189,2026-09-20,2.59,51,22,19.41
10174,2026-09-20,4.77,62,19,27.6
10199,2026-09-20,2.06,67,21,18.92
10022,2026-09-20,3.78,49,21,22.81
10125,2026-09-20,1.03,44,19,17.36
